Name,Index,Description,Scope,Requirements,Status,Laundromat RE Agent Library,Laundromat AI Output Level 1,Laundromat RE Opdrachten,Second Level Breakdown
Identify Stakeholders,1.1.1,"Identify all the stakeholders involved in the e-commerce platform launch including internal teams, external partners, and customers. Define their roles, expectations, and level of influence on the project.",In: Identification and role definition of stakeholders. Out: Deep-dive into each stakeholder's specific contributions.,"Communication proficiency, Knowledge of organizational structure, Stakeholder management skills",New,Breaking down the Second Level (https://www.notion.so/Breaking-down-the-Second-Level-b8692b0374cc4675be30acaf05b39983?pvs=21),Definieer Project Scope en Doelstellingen (https://www.notion.so/Definieer-Project-Scope-en-Doelstellingen-2a02ab50f96b4e99a4b575e827cd8478?pvs=21),,"Bepaal de omvang, doelstellingen, sleutelresultaten, en streefdoelen voor het project om een efficiënte uitvoering te waarborgen. (https://www.notion.so/Bepaal-de-omvang-doelstellingen-sleutelresultaten-en-streefdoelen-voor-het-project-om-een-effici--e378e390de644698aab04d81c76c6b5c?pvs=21), Bepaal de omvang, doelstellingen, sleutelresultaten, en streefdoelen voor het project om een efficiënte uitvoering te waarborgen. (https://www.notion.so/Bepaal-de-omvang-doelstellingen-sleutelresultaten-en-streefdoelen-voor-het-project-om-een-effici--dfb25a8ad8bc44b1b2328f8ca2e803ad?pvs=21), Bepaal de omvang, doelstellingen, sleutelresultaten, en streefdoelen voor het project om een efficiënte uitvoering te waarborgen. (https://www.notion.so/Bepaal-de-omvang-doelstellingen-sleutelresultaten-en-streefdoelen-voor-het-project-om-een-effici--6241d1b33f82427cbc50ab90ea06e72d?pvs=21), Bepaal de omvang, doelstellingen, sleutelresultaten, en streefdoelen voor het project om een efficiënte uitvoering te waarborgen. (https://www.notion.so/Bepaal-de-omvang-doelstellingen-sleutelresultaten-en-streefdoelen-voor-het-project-om-een-effici--5dd04420bf2840a78c03a40facff81bc?pvs=21), Bepaal de omvang, doelstellingen, sleutelresultaten, en streefdoelen voor het project om een efficiënte uitvoering te waarborgen. (https://www.notion.so/Bepaal-de-omvang-doelstellingen-sleutelresultaten-en-streefdoelen-voor-het-project-om-een-effici--fd930ac0cc534bc19ada4427e70b0cfe?pvs=21)"
Define Project Objectives,1.1.2,Detail the specific objectives of launching the new e-commerce platform. Include performance targets and milestones that align with the overarching company goals.,In: Objective setting and alignment with company goals. Out: Specific task listing and scheduling.,"Alignment with business objectives, Goal-setting skills, Strategic planning capability",New,Breaking down the Second Level (https://www.notion.so/Breaking-down-the-Second-Level-b8692b0374cc4675be30acaf05b39983?pvs=21),Definieer Project Scope en Doelstellingen (https://www.notion.so/Definieer-Project-Scope-en-Doelstellingen-2a02ab50f96b4e99a4b575e827cd8478?pvs=21),,
Establish Key Results,1.1.3,"Define the key results that will indicate the successful completion of the project. This should include measurable outcomes such as user engagement rates, sales targets, and platform performance indicators.",In: Measurement and evaluation criteria definition. Out: Operational activities and detailed functionality specifications.,"Analytical skills, Knowledge of performance management, Understanding of e-commerce metrics",New,Breaking down the Second Level (https://www.notion.so/Breaking-down-the-Second-Level-b8692b0374cc4675be30acaf05b39983?pvs=21),Definieer Project Scope en Doelstellingen (https://www.notion.so/Definieer-Project-Scope-en-Doelstellingen-2a02ab50f96b4e99a4b575e827cd8478?pvs=21),,
Outline Key Project Milestones,1.1.4,Create a roadmap that highlights the major phases and milestones of the project from initiation to launch. Ensure that these milestones are realistic and achievable within the expected timeline.,In: Milestone planning and phase definition. Out: Detailed scheduling and resource allocation for each milestone.,"Project planning skills, Time management ability, Understanding of project lifecycle",New,Breaking down the Second Level (https://www.notion.so/Breaking-down-the-Second-Level-b8692b0374cc4675be30acaf05b39983?pvs=21),Definieer Project Scope en Doelstellingen (https://www.notion.so/Definieer-Project-Scope-en-Doelstellingen-2a02ab50f96b4e99a4b575e827cd8478?pvs=21),,
Develop Project Scope Document,1.1.5,"Draft a comprehensive document that outlines the project scope, including the objectives, key results, deliverables, exclusions, assumptions, and constraints. This document will serve as a reference throughout the project lifecycle.",In: Comprehensive scope documentation. Out: Detailed task assignment and execution plans.,"Attention to detail, Knowledge of project scope formulation, Writing and documentation skills",New,Breaking down the Second Level (https://www.notion.so/Breaking-down-the-Second-Level-b8692b0374cc4675be30acaf05b39983?pvs=21),Definieer Project Scope en Doelstellingen (https://www.notion.so/Definieer-Project-Scope-en-Doelstellingen-2a02ab50f96b4e99a4b575e827cd8478?pvs=21),,
Identify Skill Gaps,1.2.1,Analyze the project requirements to identify specific skill gaps in the current team structure that need to be filled for the successful execution of the e-commerce project. This involves comparing the project's needs with the skills of available personnel.,Specifiek inbegrepen: Evaluatie van projectbehoeften tegen huidige teamvaardigheden. Uitgesloten: Het daadwerkelijk selecteren van nieuwe teamleden.,"Current team assessment knowledge, Project scope awareness, Skill gap analysis ability",New,Breaking down the Second Level (https://www.notion.so/Breaking-down-the-Second-Level-b8692b0374cc4675be30acaf05b39983?pvs=21),Stel een Projectteam samen (https://www.notion.so/Stel-een-Projectteam-samen-ad73b4228cd44ae491f3918c1c5f7495?pvs=21),,"Selecteer de teamleden op basis van benodigde vaardigheden en ervaring voor een succesvolle projectuitvoering. (https://www.notion.so/Selecteer-de-teamleden-op-basis-van-benodigde-vaardigheden-en-ervaring-voor-een-succesvolle-projectu-e378d60569a64ef9b2409906b081b725?pvs=21), Selecteer de teamleden op basis van benodigde vaardigheden en ervaring voor een succesvolle projectuitvoering. (https://www.notion.so/Selecteer-de-teamleden-op-basis-van-benodigde-vaardigheden-en-ervaring-voor-een-succesvolle-projectu-7ca62f77e4694acfab29ead0eed9839b?pvs=21), Selecteer de teamleden op basis van benodigde vaardigheden en ervaring voor een succesvolle projectuitvoering. (https://www.notion.so/Selecteer-de-teamleden-op-basis-van-benodigde-vaardigheden-en-ervaring-voor-een-succesvolle-projectu-f531d12e3ef24f23a2babcba5bad789c?pvs=21)"
Define Role Requirements,1.2.2,"Based on the identified skill gaps, define the requirements for each new role to be filled. This step includes outlining the responsibilities, skills, and experience necessary for each position to ensure the project's success.",Inbegrepen: Omschrijving van vereisten voor nieuwe rollen. Uitgesloten: Daadwerkelijke werving van nieuwe teamleden.,"Ability to define job roles, Knowledge of project requirements, Understanding of effective team composition",New,Breaking down the Second Level (https://www.notion.so/Breaking-down-the-Second-Level-b8692b0374cc4675be30acaf05b39983?pvs=21),Stel een Projectteam samen (https://www.notion.so/Stel-een-Projectteam-samen-ad73b4228cd44ae491f3918c1c5f7495?pvs=21),,
Create Recruitment Plan,1.2.3,"Develop a detailed recruitment plan to fill the identified gaps. This includes the strategy for sourcing candidates, the selection process, and timelines for hiring. The plan should align with the project's timeline to ensure readiness.",Inbegrepen: Planning van wervingsstrategieën en tijdslijnen. Uitgesloten: De daadwerkelijke uitvoering van het wervingsproces.,"Alignment with project timeline, Recruitment strategy formulation, Timeline planning skills",New,Breaking down the Second Level (https://www.notion.so/Breaking-down-the-Second-Level-b8692b0374cc4675be30acaf05b39983?pvs=21),Stel een Projectteam samen (https://www.notion.so/Stel-een-Projectteam-samen-ad73b4228cd44ae491f3918c1c5f7495?pvs=21),,
Define Project Scope,1.3.1,"Identify and document the specific goals, deliverables, tasks, costs, and deadlines of the project.",Inclusief: Doelstellingen en leverables documentatie. Uitgesloten: Niet-gerelateerde bedrijfsdoelen.,"Documentation proficiency, Goal identification skills, Task prioritization",New,Breaking down the Second Level (https://www.notion.so/Breaking-down-the-Second-Level-b8692b0374cc4675be30acaf05b39983?pvs=21),Ontwikkel een Gedetailleerd Projectplan (https://www.notion.so/Ontwikkel-een-Gedetailleerd-Projectplan-ee257d2f5c504405a911db766dc8743f?pvs=21),,"Stel een gedetailleerd plan samen, inclusief tijdlijn, verantwoordelijkheden, taken, budgetten en middelen voor de uitvoering van het project. (https://www.notion.so/Stel-een-gedetailleerd-plan-samen-inclusief-tijdlijn-verantwoordelijkheden-taken-budgetten-en-mi-d68f519e736a4dc08458d114adbea1be?pvs=21), Stel een gedetailleerd plan samen, inclusief tijdlijn, verantwoordelijkheden, taken, budgetten en middelen voor de uitvoering van het project. (https://www.notion.so/Stel-een-gedetailleerd-plan-samen-inclusief-tijdlijn-verantwoordelijkheden-taken-budgetten-en-mi-20709b5fe15246a4ba2c8057cd858a88?pvs=21), Stel een gedetailleerd plan samen, inclusief tijdlijn, verantwoordelijkheden, taken, budgetten en middelen voor de uitvoering van het project. (https://www.notion.so/Stel-een-gedetailleerd-plan-samen-inclusief-tijdlijn-verantwoordelijkheden-taken-budgetten-en-mi-b20ebdf909b5439a8689ccc8951555d1?pvs=21), Stel een gedetailleerd plan samen, inclusief tijdlijn, verantwoordelijkheden, taken, budgetten en middelen voor de uitvoering van het project. (https://www.notion.so/Stel-een-gedetailleerd-plan-samen-inclusief-tijdlijn-verantwoordelijkheden-taken-budgetten-en-mi-0536b91fd00347018614bb9daa4aa9c7?pvs=21), Stel een gedetailleerd plan samen, inclusief tijdlijn, verantwoordelijkheden, taken, budgetten en middelen voor de uitvoering van het project. (https://www.notion.so/Stel-een-gedetailleerd-plan-samen-inclusief-tijdlijn-verantwoordelijkheden-taken-budgetten-en-mi-7c7e8801ab564b7392973b623229a938?pvs=21)"
Create Timeline and Milestones,1.3.2,Develop a detailed project timeline including milestones to track progress and to ensure timely completion.,Inclusief: Timing en mijlpaalplanning. Uitgesloten: Externe projecttaken.,"Project scheduling tools, Time management skills, Understanding of project flow",New,Breaking down the Second Level (https://www.notion.so/Breaking-down-the-Second-Level-b8692b0374cc4675be30acaf05b39983?pvs=21),Ontwikkel een Gedetailleerd Projectplan (https://www.notion.so/Ontwikkel-een-Gedetailleerd-Projectplan-ee257d2f5c504405a911db766dc8743f?pvs=21),,
Allocate Responsibilities,1.3.3,Assign project tasks and responsibilities to team members based on skills and project requirements.,Inclusief: Taaktoewijzing aan teamleden. Uitgesloten: Hiring new personnel.,"Communication skills, Leaderhip capability, Team knowledge",New,Breaking down the Second Level (https://www.notion.so/Breaking-down-the-Second-Level-b8692b0374cc4675be30acaf05b39983?pvs=21),Ontwikkel een Gedetailleerd Projectplan (https://www.notion.so/Ontwikkel-een-Gedetailleerd-Projectplan-ee257d2f5c504405a911db766dc8743f?pvs=21),,
Budgeting,1.3.4,"Estimate and allocate financial resources for the project, including anticipated costs and a contingency fund.",Inclusief: Financiële planning. Uitgesloten: Externe financiering.,"Budget management, Cost estimation skills, Financial planning",New,Breaking down the Second Level (https://www.notion.so/Breaking-down-the-Second-Level-b8692b0374cc4675be30acaf05b39983?pvs=21),Ontwikkel een Gedetailleerd Projectplan (https://www.notion.so/Ontwikkel-een-Gedetailleerd-Projectplan-ee257d2f5c504405a911db766dc8743f?pvs=21),,
Secure Resources,1.3.5,"Identify and procure all necessary resources, including software, hardware, and human resources, to ensure project success.",Inclusief: Middelenverwerving. Uitgesloten: Resource creation.,"Negotiation skills, Procurement knowledge, Resource identification",New,Breaking down the Second Level (https://www.notion.so/Breaking-down-the-Second-Level-b8692b0374cc4675be30acaf05b39983?pvs=21),Ontwikkel een Gedetailleerd Projectplan (https://www.notion.so/Ontwikkel-een-Gedetailleerd-Projectplan-ee257d2f5c504405a911db766dc8743f?pvs=21),,